Category,School,Title,Course Number,Course Name
Texas A&M University,Accounting,ACCT,ACCT 209,SURVEY OF ACCT PRIN
Texas A&M University,Accounting,ACCT,ACCT 209,SURVEY OF ACCT PRIN
Texas A&M University,Accounting,ACCT,ACCT 210,MGRL & COST ACCT PRIN
Texas A&M University,Accounting,ACCT,ACCT 229,HNR
Texas A&M University,Accounting,ACCT,ACCT 229,HNR
Texas A&M University,Accounting,ACCT,ACCT 229,INTRO ACCOUNTING
Texas A&M University,Accounting,ACCT,ACCT 229,INTRO ACCOUNTING
Texas A&M University,Accounting,ACCT,ACCT 229,INTRO ACCOUNTING
Texas A&M University,Accounting,ACCT,ACCT 229,INTRO ACCOUNTING
Texas A&M University,Accounting,ACCT,ACCT 229,INTRO ACCOUNTING
Texas A&M University,Accounting,ACCT,ACCT 229,INTRO ACCOUNTING
Texas A&M University,Accounting,ACCT,ACCT 229,INTRO ACCOUNTING
Texas A&M University,Accounting,ACCT,ACCT 229,INTRO ACCOUNTING
Texas A&M University,Accounting,ACCT,ACCT 229,INTRO ACCOUNTING
Texas A&M University,Accounting,ACCT,ACCT 229,INTRO ACCOUNTING
Texas A&M University,Accounting,ACCT,ACCT 229,INTRO ACCOUNTING
Texas A&M University,Accounting,ACCT,ACCT 229,INTRO ACCOUNTING
Texas A&M University,Accounting,ACCT,ACCT 230,HNR
Texas A&M University,Accounting,ACCT,ACCT 230,INTRO ACCOUNTING
Texas A&M University,Accounting,ACCT,ACCT 230,INTRO ACCOUNTING
Texas A&M University,Accounting,ACCT,ACCT 315,INT ACCT NON
Texas A&M University,Accounting,ACCT,ACCT 315,INT ACCT NON
Texas A&M University,Accounting,ACCT,ACCT 316,INT ACCT NON
Texas A&M University,Accounting,ACCT,ACCT 316,INT ACCT NON
Texas A&M University,Accounting,ACCT,ACCT 316,INT ACCT NON
Texas A&M University,Accounting,ACCT,ACCT 327,FINANCIAL REPORTING I
Texas A&M University,Accounting,ACCT,ACCT 327,FINANCIAL REPORTING I
Texas A&M University,Accounting,ACCT,ACCT 327,FINANCIAL REPORTING I
Texas A&M University,Accounting,ACCT,ACCT 327,FINANCIAL REPORTING I
Texas A&M University,Accounting,ACCT,ACCT 327,FINANCIAL REPORTING I
Texas A&M University,Accounting,ACCT,ACCT 327,FINANCIAL REPORTING I
Texas A&M University,Accounting,ACCT,ACCT 327,FINANCIAL REPORTING I
Texas A&M University,Accounting,ACCT,ACCT 327,FINANCIAL REPORTING I
Texas A&M University,Accounting,ACCT,ACCT 327,FINANCIAL REPORTING I
Texas A&M University,Accounting,ACCT,ACCT 328,FINANCIAL REPORTING II
Texas A&M University,Accounting,ACCT,ACCT 328,FINANCIAL REPORTING II
Texas A&M University,Accounting,ACCT,ACCT 328,FINANCIAL REPORTING II
Texas A&M University,Accounting,ACCT,ACCT 328,FINANCIAL REPORTING II
Texas A&M University,Accounting,ACCT,ACCT 328,FINANCIAL REPORTING II
Texas A&M University,Accounting,ACCT,ACCT 329,COST MGMT & ANALYSIS
Texas A&M University,Accounting,ACCT,ACCT 405,INCOME TAX
Texas A&M University,Accounting,ACCT,ACCT 407,AUDITING
Texas A&M University,Accounting,ACCT,ACCT 407,AUDITING
Texas A&M University,Accounting,ACCT,ACCT 407,AUDITING
Texas A&M University,Accounting,ACCT,ACCT 407,AUDITING
Texas A&M University,Accounting,ACCT,ACCT 407,AUDITING
Texas A&M University,Accounting,ACCT,ACCT 407,AUDITING
Texas A&M University,Accounting,ACCT,ACCT 407,AUDITING
Texas A&M University,Accounting,ACCT,ACCT 407,AUDITING
Texas A&M University,Accounting,ACCT,ACCT 407,AUDITING
Texas A&M University,Accounting,ACCT,ACCT 408,INTERNAL AUDITING
Texas A&M University,Accounting,ACCT,ACCT 421,CRITICAL COMM ACCT
Texas A&M University,Accounting,ACCT,ACCT 421,CRITICAL COMM ACCT
Texas A&M University,Accounting,ACCT,ACCT 421,CRITICAL COMM ACCT
Texas A&M University,Accounting,ACCT,ACCT 425,CORPORATE TAX PLANNING
Texas A&M University,Accounting,ACCT,ACCT 427,ACCT & FIN INFO SYSTEMS
Texas A&M University,Accounting,ACCT,ACCT 427,ACCT & FIN INFO SYSTEMS
Texas A&M University,Accounting,ACCT,ACCT 447,FINANCIAL STMNT ANALYSIS
Texas A&M University,Accounting,ACCT,ACCT 447,FINANCIAL STMNT ANALYSIS
Texas A&M University,Accounting,ACCT,ACCT 484,ACCOUNTING INTERNSHIP
Texas A&M University,Accounting,ACCT,ACCT 484,ACCOUNTING INTERNSHIP:IN
Texas A&M University,Accounting,ACCT,ACCT 607,SEMINAR IN AUDITING
Texas A&M University,Accounting,ACCT,ACCT 610,FINANCIAL ACCOUNTING
Texas A&M University,Accounting,ACCT,ACCT 610,FINANCIAL ACCOUNTING
Texas A&M University,Accounting,ACCT,ACCT 610,FINANCIAL ACCOUNTING
Texas A&M University,Accounting,ACCT,ACCT 611,MGMT OF TAXATION
Texas A&M University,Accounting,ACCT,ACCT 611,MGMT OF TAXATION
Texas A&M University,Accounting,ACCT,ACCT 612,PARTNRSP & REAL EST TX
Texas A&M University,Accounting,ACCT,ACCT 621,CORPORATE TAXATION I
Texas A&M University,Accounting,ACCT,ACCT 621,CORPORATE TAXATION I
Texas A&M University,Accounting,ACCT,ACCT 621,CORPORATE TAXATION I
Texas A&M University,Accounting,ACCT,ACCT 621,CORPORATE TAXATION I
Texas A&M University,Accounting,ACCT,ACCT 621,CORPORATE TAXATION I
Texas A&M University,Accounting,ACCT,ACCT 628,BUS APPLICATION MODELING
Texas A&M University,Accounting,ACCT,ACCT 628,BUS APPLICATION MODELING
Texas A&M University,Accounting,ACCT,ACCT 628,BUS APPLICATION MODELING
Texas A&M University,Accounting,ACCT,ACCT 640,ACCT CON & PROCEDURE I
Texas A&M University,Accounting,ACCT,ACCT 647,FINANCIAL STMNT ANALYSIS
Texas A&M University,Accounting,ACCT,ACCT 647,FINANCIAL STMNT ANALYSIS
Texas A&M University,Accounting,ACCT,ACCT 647,FINANCIAL STMNT ANALYSIS
Texas A&M University,Accounting,ACCT,ACCT 647,FINANCIAL STMNT ANALYSIS
Texas A&M University,Accounting,ACCT,ACCT 647,FINANCIAL STMNT ANALYSIS
Texas A&M University,Accounting,ACCT,ACCT 647,FINANCIAL STMNT ANALYSIS
Texas A&M University,Accounting,ACCT,ACCT 648,ACCT INFO SYSTEMS
Texas A&M University,Accounting,ACCT,ACCT 648,ACCT INFO SYSTEMS
Texas A&M University,Accounting,ACCT,ACCT 648,ACCT INFO SYSTEMS
Texas A&M University,Accounting,ACCT,ACCT 651,DEV OF ACCT THOUGHT
Texas A&M University,Accounting,ACCT,ACCT 651,DEV OF ACCT THOUGHT
Texas A&M University,Accounting,ACCT,ACCT 651,DEV OF ACCT THOUGHT
Texas A&M University,Accounting,ACCT,ACCT 651,DEV OF ACCT THOUGHT
Texas A&M University,Accounting,ACCT,ACCT 651,DEV OF ACCT THOUGHT
Texas A&M University,Accounting,ACCT,ACCT 665,RESEARCH METHOD I
Texas A&M University,Accounting,ACCT,ACCT 684,PROF INTERNSHIP: IN
Texas A&M University,Accounting,ACCT,ACCT 691,RESEARCH
Texas A&M University,Accounting,ACCT,ACCT 691,RESEARCH: IN
