profid,issues
98395,Academic Underachievement
98395,Anxiety
98395,Bipolar Disorder
98395,Child or Adolescent
98395,Coping Skills
98395,Developmental Disorders
98395,Domestic Abuse
98395,Dual Diagnosis
98395,Emotional Disturbance
98395,Grief
98395,Learning Disabilities
98395,Narcissistic Personality
98395,Obsessive-Compulsive (OCD)
98395,Parenting
98395,Relationship Issues
98395,Self-Harming
98395,Spirituality
98395,Teen Violence
98395,Video Game Addiction
98395,Antisocial Personality
98395,Behavioral Issues
98395,Career Counseling
98395,Chronic Impulsivity
98395,Depression
98395,Divorce
98395,Domestic Violence
98395,Eating Disorders
98395,Family Conflict
98395,Intellectual Disability
98395,Life Coaching
98395,Obesity
98395,Oppositional Defiance
98395,Peer Relationships
98395,Self Esteem
98395,Sleep or Insomnia
98395,Suicidal Ideation
98395,Trauma and PTSD
98395,Weight Loss
35670,ADHD
35670,Divorce
35670,Domestic Violence
35670,Grief
35670,Parenting
35670,Substance Abuse
35670,Addiction
35670,Domestic Abuse
35670,Eating Disorders
35670,Life Coaching
35670,Relationship Issues
125127,Chronic Pain
125127,Eating Disorders
125127,Obesity
125127,Relationship Issues
125127,Self-Harming
125127,Spirituality
125127,Weight Loss
125127,Coping Skills
125127,Emotional Disturbance
125127,Parenting
125127,Self Esteem
125127,Sleep or Insomnia
125127,Trauma and PTSD
125127,Women's Issues Perfectionism
204890,Adoption
204890,Codependency
204890,Divorce
204890,Family Conflict
204890,Infidelity
204890,Parenting
204890,Self Esteem
204890,Trauma and PTSD
204890,Women's Issues
204890,Anger Management
204890,Coping Skills
204890,Emotional Disturbance
204890,Grief
204890,Marital and Premarital
204890,Peer Relationships
204890,Sexual Abuse
204890,Weight Loss
204890,Childhood Trauma
56057,ADHD
56057,Adoption
56057,Bipolar Disorder
56057,Chronic Impulsivity
56057,Codependency
56057,Depression
56057,Drug Abuse
56057,Emotional Disturbance
56057,Grief
56057,Infidelity
56057,Life Coaching
56057,Obsessive-Compulsive (OCD)
56057,Peer Relationships
56057,Self Esteem
56057,Sexual Addiction
56057,Spirituality
56057,Traumatic Brain Injury
56057,Academic Underachievement
56057,Anxiety
56057,Career Counseling
56057,Chronic Pain
56057,Coping Skills
56057,Divorce
56057,Dual Diagnosis
56057,Family Conflict
56057,Infertility
56057,Internet Addiction
56057,Narcissistic Personality
56057,Parenting
56057,Relationship Issues
56057,Sexual Abuse
56057,Sleep or Insomnia
56057,Substance Abuse
56057,Video Game Addiction
56057,"Hoarding, Medically/legally complicated"
80897,Adoption
80897,Anxiety
80897,Career Counseling
80897,Depression
80897,Domestic Abuse
80897,Family Conflict
80897,Life Coaching
80897,Sexual Abuse
80897,Marriage & Family
80897,Anger Management
80897,Behavioral Issues
80897,Child or Adolescent
80897,Divorce
80897,Domestic Violence
80897,Grief
80897,Self Esteem
80897,Spirituality
146584,Academic Underachievement
146584,Coping Skills
146584,Family Conflict
146584,Parenting
146584,Self Esteem
146584,Anger Management
146584,Divorce
146584,Grief
146584,Peer Relationships
146584,Trauma and PTSD
192670,ADHD
192670,Addiction
192670,Alcohol Abuse
192670,Anger Management
192670,Anxiety
192670,Autism
192670,Borderline Personality
192670,Child or Adolescent
192670,Chronic Pain
192670,Codependency
192670,Developmental Disorders
192670,Domestic Abuse
192670,Drug Abuse
192670,Eating Disorders
192670,Gambling
192670,Infertility
192670,Intellectual Disability
192670,Learning Disabilities
192670,Medical Detox
192670,Narcissistic Personality
192670,Obsessive-Compulsive (OCD)
192670,Parenting
192670,Relationship Issues
192670,Self-Harming
192670,Sexual Addiction
192670,Spirituality
192670,Suicidal Ideation
192670,Testing and Evaluation
192670,Traumatic Brain Injury
192670,Weight Loss
192670,Academic Underachievement
192670,Adoption
192670,Alzheimer's
192670,Antisocial Personality
192670,Asperger's Syndrome
192670,Bipolar Disorder
192670,Career Counseling
192670,Chronic Impulsivity
192670,Chronic Relapse
192670,Coping Skills
192670,Divorce
192670,Domestic Violence
192670,Dual Diagnosis
192670,Emotional Disturbance
192670,Grief
192670,Infidelity
192670,Internet Addiction
192670,Life Coaching
192670,Medication Management
192670,Obesity
192670,Oppositional Defiance
192670,Peer Relationships
192670,Self Esteem
192670,Sexual Abuse
192670,Sleep or Insomnia
192670,Substance Abuse
192670,Teen Violence
192670,Trauma and PTSD
192670,Video Game Addiction
71353,ADHD
71353,Depression
71353,Parenting
71353,Self Esteem
71353,Spirituality
71353,Coping Skills
71353,Grief
71353,Relationship Issues
71353,Sleep or Insomnia
71353,Sensory Processing Disorder
138210,Addiction
138210,Coping Skills
138210,Drug Abuse
138210,Emotional Disturbance
138210,Grief
138210,Obsessive-Compulsive (OCD)
138210,Relationship Issues
138210,Sexual Abuse
138210,Trauma and PTSD
138210,Alcohol Abuse
138210,Divorce
138210,Dual Diagnosis
138210,Family Conflict
138210,Obesity
138210,Peer Relationships
138210,Self Esteem
138210,Substance Abuse
157488,ADHD
157488,Anxiety
157488,Coping Skills
157488,Family Conflict
157488,Parenting
157488,Self Esteem
157488,Spirituality
157488,Anger Management
157488,Behavioral Issues
157488,Depression
157488,Grief
157488,Peer Relationships
157488,Sexual Abuse
132142,ADHD
132142,Addiction
132142,Alcohol Abuse
132142,Asperger's Syndrome
132142,Behavioral Issues
132142,Depression
132142,Divorce
132142,Intellectual Disability
132142,Narcissistic Personality
132142,Oppositional Defiance
132142,Substance Abuse
132142,Academic Underachievement
132142,Adoption
132142,Antisocial Personality
132142,Autism
132142,Borderline Personality
132142,Developmental Disorders
132142,Emotional Disturbance
132142,Learning Disabilities
132142,Obsessive-Compulsive (OCD)
132142,Relationship Issues
132142,Suicidal Ideation
131004,Asperger's Syndrome
131004,Grief
131004,Behavioral Issues
131004,Life Coaching
77151,Anger Management
77151,Divorce
77151,Grief
77151,Depression
77151,Eating Disorders
77151,pre-marital counseling marital prob
168667,Addiction
168667,Anger Management
168667,Bipolar Disorder
168667,Chronic Impulsivity
168667,Coping Skills
168667,Divorce
168667,Domestic Violence
168667,Dual Diagnosis
168667,Emotional Disturbance
168667,Grief
168667,Men's Issues
168667,Obsessive-Compulsive (OCD)
168667,Peer Relationships
168667,Self Esteem
168667,Sexual Abuse
168667,Spirituality
168667,Suicidal Ideation
168667,Weight Loss
168667,Alcohol Abuse
168667,Behavioral Issues
168667,Child or Adolescent
168667,Codependency
168667,Developmental Disorders
168667,Domestic Abuse
168667,Drug Abuse
168667,Eating Disorders
168667,Family Conflict
168667,Life Coaching
168667,Obesity
168667,Parenting
168667,Relationship Issues
168667,Self-Harming
168667,Sexual Addiction
168667,Substance Abuse
168667,Traumatic Brain Injury
168667,Migraine Headaches
242846,Academic Underachievement
242846,Anxiety
242846,Child or Adolescent
242846,Depression
242846,Family Conflict
242846,Peer Relationships
242846,Self-Harming
242846,Spirituality
242846,Stress Management
242846,Anger Management
242846,Behavioral Issues
242846,Coping Skills
242846,Divorce
242846,Grief
242846,Self Esteem
242846,Sexual Abuse
242846,Trauma and PTSD
42695,ADHD
42695,Divorce
42695,Parenting
42695,Trauma and PTSD
42695,Anxiety
42695,Grief
42695,Self Esteem
