URL,Title,Phone,address,Postal Code,,,,,
http://www.apontador.com.br/local/sp/sao_paulo/igrejas/9682Y5K6/igreja_sao_jose_operario.html,Igreja Sao Jose Operario,11 2950-8842,Alameda Afonso Schmidt ,76,Santana ,São Paulo ,SP,CEP: 02450-000,
http://www.apontador.com.br/local/sp/sao_paulo/laboratorios/75RKQUK6/cientificalab_balneario_sao_jose.html,Cientificalab Balneario Sao Jose,11 4134-7066,Rua Gaspar Leme ,s/n ,Balneário São Jose ,São Paulo ,SP,CEP: 04864-050,
http://www.apontador.com.br/local/sp/sao_paulo/mercearias/C401338908323D323C/emporio_sao_jose.html,Emporio Sao Jose,11 5842-3113,Rua Nélson Lomanto ,46,Jardim Elizabeth ,São Paulo ,SP,CEP: 05794-350,
http://www.apontador.com.br/local/sp/sao_paulo/medicina_e_saude_geral_/G549F282/psm_balneario_sao_jose.html,Psm Balneario Sao Jose,11 5979-7173,Rua Gaspar Leme ,s/n ,Balneário São Jose ,São Paulo ,SP,CEP: 04864-050,
http://www.apontador.com.br/local/sp/sao_paulo/enderecos_empresariais/C404096F39461O4614/crediario_sao_jose.html,Crediario Sao Jose,,Rua Das Variações Musicais ,8,  Vila Bom Jardim, São Paulo, SP,CEP: 04938-010,
http://www.apontador.com.br/local/sp/sao_paulo/mercearias/C404158225480N4808/emporio_sao_jose.html,Empório São José,11 3284-7951,Rua Pamplona ,25,Bela Vista ,São Paulo ,SP,CEP: 01405-100,
http://www.apontador.com.br/local/sp/sao_paulo/enderecos_empresariais/C4061408193D6Z3D60/balneario_sao_jose.html,Balneario Sao Jose,11 5979-2890,Rua Gaspar Leme ,  ,  Balneário São Jose, São Paulo, SP,CEP: 04864-050,
http://www.apontador.com.br/local/sp/sao_paulo/churrascarias/C404795908513O513B/sao_jose_grill.html,Sao Jose Grill,11 3567-1792,Alameda Jaú ,1791,Jardim Paulista ,São Paulo ,SP,CEP: 01420-007,
http://www.apontador.com.br/local/sp/sao_paulo/associacoes_e_sindicatos/C40141594A443E4438/associacao_sao_jose_operario.html,Associacao Sao Jose Operario,,Rua Aderbal ,20,Conjunto Promorar São Luis ,São Paulo ,SP,CEP: 05847-450,
http://www.apontador.com.br/local/sp/sao_paulo/transporte_geral_/258DJP2X/rodoviario_e_turismo_sao_jose.html,Rodoviário e Turismo São José,11 2901-2471,Avenida Joaquina Ramalho ,424,Carandiru ,São Paulo ,SP,CEP: 02065-000,
http://www.apontador.com.br/local/sp/sao_paulo/clinicas_e_centros_de_diagnostico/C40355175A062D0624/laboratorio_clinico_sao_jose.html,Laboratorio Clinico Sao Jose,,230,Centro ,São Paulo ,SP,,,
http://www.apontador.com.br/local/sp/sao_paulo/bancos/WEU8HXC6/bradesco_vila_sao_jose.html,Bradesco,11 5928-9886,Rua José Bocchiglieri ,48,Jardim Floresta ,São Paulo ,SP,CEP: 04836-000,
http://www.apontador.com.br/local/sp/sao_paulo/hospitais_particulares/C405000942644Z644E/clinica_sao_jose.html,Clinica Sao Jose,,Avenida Carlos Oberhuber ,504,Jardim Floresta ,São Paulo ,SP,CEP: 04836-130,
http://www.apontador.com.br/local/sp/sao_paulo/adegas/C40394594A3C4S3C41/adega_sao_jose.html,Adega Sao Jose,,Rua Acácio Fontoura ,1053,Jardim Vista Alegre ,São Paulo ,SP,CEP: 04831-050,
http://www.apontador.com.br/local/sp/sao_paulo/vidracarias/C404916414023N0234/vidracaria_sao_jose.html,Vidraçaria São José,11 2031-0162,Rua Diego Calado ,182,Vila São Silvestre ,São Paulo ,SP,CEP: 08011-420,
http://www.apontador.com.br/local/sp/sao_paulo/restaurantes/L92VQ7J5/restaurante_sao_jose_ii.html,Restaurante Sao Jose Ii,11 5971-5763,Rua Quinta de São Francisco ,92,  Jardim Floresta, São Paulo, SP,CEP: 04835-310,
http://www.apontador.com.br/local/sp/sao_paulo/padarias/C401387908134U1340/panificadora_flor_de_sao_jose.html,Panificadora Flor de Sao Jose,11 5928-0999,Rua José Bocchiglieri ,11,Jardim Floresta ,São Paulo ,SP,CEP: 04836-000,
http://www.apontador.com.br/local/sp/sao_paulo/hospitais_particulares/C40327675A2D4U2D4F/centro_med_sao_jose.html,Centro Med Sao Jose,,Avenida Do Jangadeiro ,102,Cidade Dutra ,São Paulo ,SP,CEP: 04815-010,
http://www.apontador.com.br/local/sp/sao_paulo/moda_e_acessorios/C403279942644O644B/sao_jose_calcados.html,Sao Jose Calcados,,Avenida Carlos Oberhuber ,476,Jardim Floresta ,São Paulo ,SP,CEP: 04836-130,
http://www.apontador.com.br/local/sp/sao_paulo/dentistas/D5NEHRKR/assistencia_medica_sao_jose.html,Assistência Médica São José,11 5666-1109,Rua Juan Gonzales Vila ,452,  Cidade Dutra, São Paulo, SP,CEP: 04811-000,
http://www.apontador.com.br/local/sp/sao_paulo/postos_de_combustivel/C4076364034F2Q4F23/posto_de_serv_sao_jose.html,Posto de Serv Sao Jose,11 5929-1097,Rua Gonçalo Soares da França ,100,  Jardim Floresta, São Paulo, SP,,
http://www.apontador.com.br/local/sp/sao_paulo/cultura/25M92NM9/parque_linear_sao_jose.html,Parque Linear São José,11 5666-1680,Rua Frederico René de Jaegher ,2760,Jardim Kioto ,São Paulo ,SP,CEP: 04826-000,
http://www.apontador.com.br/local/sp/sao_paulo/restaurantes/8CDEXAPC/lanchonete_sao_jose_do_carrao.html,Lanchonete Sao Jose do Carrao,11 2722-2758,Avenida Rio das Pedras ,3935,Cidade Centenário ,São Paulo ,SP,CEP: 03930-310,
http://www.apontador.com.br/local/sp/sao_paulo/educacao/CR922DV5/emei_vila_sao_jose.html,Emei Vila São José,11 5924-4502,Rua Venâncio Poletti ,  s/n,  Jardim Floresta, São Paulo, SP,CEP: 04836-110,
http://www.apontador.com.br/local/sp/sao_paulo/enderecos_empresariais/U6YV3WVA/cavilheira_sao_jose_interlagos.html,Cavilheira São José,11 5974-2001,Rua Christian Heins ,146,  Jardim Satélite, São Paulo, SP,CEP: 04815-190,
http://www.apontador.com.br/local/sp/sao_paulo/enderecos_empresariais/C403031942645U6452/assoc_vila_sao_jose.html,Assoc. Vila Sao Jose,,Avenida Carlos Oberhuber ,551,  Vila São José, São Paulo, SP,CEP: 04836-130,
http://www.apontador.com.br/local/sp/sao_paulo/revendedores_e_concessionarias/2Y22L365/sucatao_sao_jose.html,Sucatao Sao Jose,11 5925-5947,Rua Acácio Fontoura ,120,  Jardim Kioto, São Paulo, SP,CEP: 04831-050,
http://www.apontador.com.br/local/sp/sao_paulo/padarias/XP22DJM4/panificadora_flor_de_sao_jose.html,Panificadora Flor de São José,11 5928-0999,Rua Paraventi ,182,Jardim São Francisco ,São Paulo ,SP,,
http://www.apontador.com.br/local/sp/sao_paulo/sorveterias/C405245F0C336N3362/sorveteria_sao_jose.html,Sorveteria Sao Jose,,Rua Manoel Martin ,351,Vila Dalva ,São Paulo ,SP,CEP: 03735-180,
http://www.apontador.com.br/local/sp/sao_paulo/enderecos_empresariais/C405861A07561U561E/casa_de_sao_jose.html,Casa de Sao Jose,,Rua Professor Antônio Filgueiras de Lima ,28,  Rio Pequeno, São Paulo, SP,CEP: 05361-040,
http://www.apontador.com.br/local/sp/sao_paulo/bingos/C40725794A1A2C1A2F/bingo_sao_jose.html,Bingo Sao Jose,,PC IARA YAVELBER ,52,Vila Santo Antonio ,SAO PAULO ,SP,CEP: 02936-180,
http://www.apontador.com.br/local/sp/sao_paulo/enderecos_empresariais/C412701003512S5123/cdc_jardim_sao_jose.html,Cdc Jardim São José,,Rua D. Manuel D&#x27,Elboux ,30,Jardim São José ,São Paulo ,SP,CEP: 02932-110
http://www.apontador.com.br/local/sp/sao_paulo/construcao/ANMC4015/deposito_sao_jose.html,Deposito Sao Jose,11 4685-6600 / (11 4685-6603 / (11 4685-6617,Avenida Carlos Oberhuber ,23,  Jardim Floresta, São Paulo, SP,CEP: 04836-130,
http://www.apontador.com.br/local/sp/sao_paulo/postos_de_combustivel/HXCK3Q89/auto_posto_sao_jose.html,Auto Posto São José,11 5939-3972,Rua Gonçalo Soares da França ,100,  Jardim Floresta, São Paulo, SP,,
http://www.apontador.com.br/local/sp/sao_paulo/materiais_para_industria_textil/C404215A210F6D0F60/comercio_de_tecidos_sao_jose.html,Comercio de Tecidos Sao Jose,,Rua Rio Bonito ,212,Jardim Augusta ,São Paulo ,SP,CEP: 03023-000,
http://www.apontador.com.br/local/sp/sao_paulo/construcao/BFTLXFYS/comercio_de_pedras_vila_sao_jose_rio_bonito.html,Comercio de Pedras Vila Sao Jose,11 5668-8255,Rua Frederico René de Jaegher ,276,  Rio Bonito, São Paulo, SP,CEP: 04826-000,
http://www.apontador.com.br/local/sp/sao_paulo/construcao/BUB8P94G/lajes_itaim_balneario_sao_jose.html,Lajes Itaim,11 5979-2407,Rua Balneário São José ,8051,  Recanto Ana Maria, São Paulo, SP,CEP: 04864-000,
http://www.apontador.com.br/local/sp/sao_paulo/consultoria/X894XXAJ/escritorio_avanco_vl_sao_jose.html,Escritório Avanço,11 5928-0933,Avenida Senador Teotônio Vilela ,5807,  Jardim Icaraí, São Paulo, SP,,
http://www.apontador.com.br/local/sp/sao_paulo/servicos_financeiros_e_administrativos/RF8H4744/escritorio_contabil_s_sao_jose.html,Escritorio Contabil S Sao Jose,11 2273-1218,Rua Coelho Neto ,25,Vila Prudente ,São Paulo ,SP,CEP: 03150-010,
http://www.apontador.com.br/local/sp/sao_paulo/igrejas/C40569034F190D1902/igreja_batista_balneario_sao_jose.html,Igreja Batista Balneario São Jose,,Rua Balneário São José ,939,Balneário São Jose ,São Paulo ,SP,CEP: 04864-000,
http://www.apontador.com.br/local/sp/sao_paulo/vidracarias/527F4JQ5/vidracaria_maribel_vl_sao_jose.html,Vidraçaria Maribel,11 5971-3257,Avenida Senador Teotônio Vilela ,5677,Vila Quintana ,São Paulo ,SP,,
http://www.apontador.com.br/local/sp/sao_paulo/religiao/EX5Q6QUN/igreja_batista_de_vila_sao_jose.html,Igreja Batista de Vila Sao Jose,11 5925-3145,Rua Rubem Souto de Araújo ,666,Jardim Angelina ,São Paulo ,SP,CEP: 04835-080,
http://www.apontador.com.br/local/sp/sao_paulo/materiais_de_construcao/443843GY/pedra_angular_vl_sao_jose.html,Pedra Angular,11 5973-6111,Avenida Senador Teotônio Vilela ,5497,Vila Quintana ,São Paulo ,SP,,
http://www.apontador.com.br/local/sp/sao_paulo/estetica/32J28723/sapataria_martins_vl_sao_jose.html,Sapataria Martins,11 2061-7736,Rua Oliveira Melo ,653,Vila São José ,São Paulo ,SP,CEP: 04271-000,
http://www.apontador.com.br/local/sp/sao_paulo/escolas/5LN82E37/emei_vila_sao_jose_ii.html,Emei Vila São José Ii,,Rua Venâncio Poletti ,181,Jardim Floresta ,São Paulo ,SP,CEP: 04836-110,
http://www.apontador.com.br/local/sp/sao_paulo/enderecos_empresariais/X6Z889H4/a_fonte_sao_jose_dos_campos.html,A Fonte,11 1239-1322,Rua Rio das Arraias ,80,  Gleba do Pêssego, São Paulo, SP,CEP: 08265-270,
http://www.apontador.com.br/local/sp/sao_paulo/alimentos/R4Y68X2H/mil_delicias_jd_sao_jose.html,Mil Delícias,11 3991-3646,Rua Arnaldo Alvernaz Nunes ,136,  Jardim São José, São Paulo, SP,CEP: 02969-100,
http://www.apontador.com.br/local/sp/sao_paulo/restaurantes/000766522000107/rest_self_ser_sao_jose.html,Rest Self Ser Sao Jose,11 5928-0161,Rua José Bocchiglieri ,107,Jardim Rosalina ,São Paulo ,SP,CEP: 04836-000,
http://www.apontador.com.br/local/sp/sao_paulo/festas_e_eventos/CBW7S865/silcol_eventos_vl_sao_jose.html,Silcol Eventos,11 5971-0400,Avenida Senador Teotônio Vilela ,4029,Jordanópolis ,São Paulo ,SP,,
http://www.apontador.com.br/local/sp/sao_paulo/escolas_particulares/RBH99QA7/colegio_sao_jose_vl_polopoli.html,Colégio São José,11 3731-2303,Avenida Otacílio Tomanik ,262,Vila Polopoli ,São Paulo ,SP,CEP: 05363-000,
http://www.apontador.com.br/local/sp/sao_paulo/revendedores_e_concessionarias/S262643M/refificadora_gomes_bal_sao_jose.html,Refificadora Gomes,11 5979-8032,Estrada Do Jaceguava ,51,  Vila Calu, São Paulo, SP,,
http://www.apontador.com.br/local/sp/sao_paulo/viagem_e_turismo/2RZ2D54H/akiyoshi_jogo_bal_sao_jose.html,Akiyoshi Jogo,11 5979-2522,Etr Jaceguava ,2222,Jardim Ângela ,São Paulo ,SP,,
http://www.apontador.com.br/local/sp/sao_paulo/construcao/6DD4R88Q/polybras_locacoes_jd_sao_jose.html,Polybras Locacoes,11 3936-2954,Rua Adele Zarzur ,33,  Jardim São José, São Paulo, SP,CEP: 02971-000,
http://www.apontador.com.br/local/sp/sao_paulo/construcao/BM3KEY4X/gesso_palmares_jd_sao_jose.html,Gesso Palmares,11 5872-3658,Avenida Vsc. do Rio Grande ,326,  Jardim Fraternidade, São Paulo, SP,CEP: 05870-200,
http://www.apontador.com.br/local/sp/sao_paulo/construcao/HX3B99AT/luppy_vidros_jd_sao_jose.html,Luppy Vidros,11 5874-2013,Avenida Vsc. do Rio Grande ,726,  Jardim Fraternidade, São Paulo, SP,CEP: 05870-200,
http://www.apontador.com.br/local/sp/sao_paulo/construcao_geral_/K7XD7GPX/materiais_eletricos_e_ferragens_sao_jose.html,Materiais Elétricos e Ferragens São José,11 5928-2056,Avenida Carlos Oberhuber ,115,Jardim Floresta ,São Paulo ,SP,CEP: 04836-130,
http://www.apontador.com.br/local/sp/sao_paulo/escritorio_de_engenharia/JJCB45AK/amdaga_terraplenagem_vl_sao_jose.html,Amdaga Terraplenagem,11 5526-9469,Avenida Senador Teotônio Vilela ,5991,Jardim Alpino ,São Paulo ,SP,,
http://www.apontador.com.br/local/sp/sao_paulo/revendedores_e_concessionarias/W28T4W8J/rodrigo_gomes_vl_sao_jose.html,Rodrigo Gomes,11 5058-7937,Rua Caçador de Esmeraldas ,182,  Vila São José, São Paulo, SP,CEP: 04274-050,
http://www.apontador.com.br/local/sp/sao_paulo/imoveis_residenciais/H783TYKV/conjunto_residencial_vila_sao_jose.html,Conjunto Residencial Vila São José,11 3533-3641,Rua Viriato Leão de Moura ,169,Vila São José ,São Paulo ,SP,CEP: 04836-210,
http://www.apontador.com.br/local/sp/sao_paulo/servicos_em_informatica/Q385MPDZ/jz_informatica_vl_sao_jose.html,Jz Informatica,11 3591-0053,Rua Santa Aurélia ,228,Vila São José ,São Paulo ,SP,CEP: 04274-040,
http://www.apontador.com.br/local/sp/sao_paulo/alimentos_e_bebidas/C401014944356E3560/mini_padaria_jesus_sao_jose.html,Mini Padaria Jesus Sao Jose,,Avenida Engenheiro Heitor Antônio Eiras Garcia ,2211,Jardim Maria Luiza ,São Paulo ,SP,CEP: 05564-000,
http://www.apontador.com.br/local/sp/sao_paulo/alimentos_e_bebidas/8HS489Y4/paquinho_representacoes_jd_sao_jose.html,Paquinho Representações,11 2722-5208,Rua Neve ,33,Jardim São José ,São Paulo ,SP,CEP: 03931-060,
http://www.apontador.com.br/local/sp/sao_paulo/escritorio_de_engenharia/Y7P7QQ77/id_construcoes_jd_sao_jose.html,Id Construções,11 5834-9060,Rua Sebastião Francisco de Oliveira ,233,Jardim São José ,São Paulo ,SP,,
http://www.apontador.com.br/local/sp/sao_paulo/auto_escolas/C407742F27041D041B/auto_moto_escola_sao_jose.html,Auto Moto Escola Sao Jose,11 5971-8444,Rua Michel Alexandre Mutran ,416,Jardim São José ,São Paulo ,SP,CEP: 04835-060,
http://www.apontador.com.br/local/sp/sao_paulo/servicos_financeiros_e_administrativos/C4189650600D3E0D3C/bradesco__vl_sao_jose_usp.html,Bradesco,11 5929-8500,Rua Rubem Souto de Araújo ,1047,Jardim Floresta ,São Paulo ,SP,CEP: 04836-235,
http://www.apontador.com.br/local/sp/sao_paulo/servicos_financeiros_e_administrativos/C415124062354T3543/bradesco__vl_sao_jose_usp.html,Bradesco,11 5929-8500,Rua Rubem Souto de Araújo ,1047,Jardim Floresta ,São Paulo ,SP,CEP: 04836-235,
http://www.apontador.com.br/local/sp/sao_paulo/servicos_financeiros_e_administrativos/C4178651012A0C2A02/bradesco__vl_sao_jose_usp.html,Bradesco,11 5929-8500,Rua Rubem Souto de Araújo ,1047,Jardim Floresta ,São Paulo ,SP,CEP: 04836-235,
http://www.apontador.com.br/local/sp/sao_paulo/medicina_e_saude_geral_/UXUJ824C/centro_medico_sao_jose_s_c.html,Centro Médico São José S/C,11 5666-0309,Avenida Do Jangadeiro ,118,Cidade Dutra ,São Paulo ,SP,CEP: 04815-010,
http://www.apontador.com.br/local/sp/sao_paulo/imoveis_residenciais/4U7DBPSY/condominio_residencial_chacara_sao_jose_vila_cosmopolita.html,Condomínio Residencial Chácara São José,11 2518-4266,Rua Santana do Rio Preto ,17,Vila Cosmopolita ,São Paulo ,SP,CEP: 08421-060,
http://www.apontador.com.br/local/sp/sao_paulo/igrejas/4R6J5J95/paroquia_sao_jose_do_operario_capao_redondo.html,Paróquia São José do Operário,11 5873-2009,Pça. Prf. Mário dos Santos ,32,Capão Redondo ,São Paulo ,SP,CEP: 05866-120,
http://www.apontador.com.br/local/sp/sao_paulo/oticas/C40439841E291U291E/foto_otica_relojoaria_nomura_vila_sao_jose.html,Foto Otica Relojoaria Nomura,11 95295-0930,Avenida Carlos Oberhuber ,272,Jardim Floresta ,São Paulo ,SP,CEP: 04836-130,
http://www.apontador.com.br/local/sp/sao_paulo/moveis_e_decoracao/RSTQB86F/restauro_lustres_oliveira_balneario_sao_jose.html,Restauro Lustres Oliveira,11 5979-6494,Rua João Morzilho ,24,  Balneário São Jose, São Paulo, SP,CEP: 04864-030,
http://www.apontador.com.br/local/sp/sao_paulo/associacoes_e_sindicatos/2CA9WZ32/centro_comunitario_sao_jose_do_jardim_peri.html,Centro Comunitario Sao Jose do Jardim Peri,11 2235-1006,Rua Cdes Amalia Matarazzo ,47,Cachoeirinha ,São Paulo ,SP,,
http://www.apontador.com.br/local/sp/sao_paulo/cartorios_e_tabeliaes/C4120120624B0C4B0C/_3cartorio_de_notas_de_sao_jose_dos_campos.html,.3ºCartório de Notas de São José dos Campos,12 3909-7088,Praça Doutor João Mendes ,127,Sé ,São Paulo ,SP,CEP: 01501-001,
http://www.apontador.com.br/local/sp/sao_paulo/bancos/C401495456311C3119/banco_itau_agencia_vila_sao_jose.html,Banco Itaú,11 5019-8135,Rua José Bocchiglieri ,157,Jardim Rosalina ,São Paulo ,SP,CEP: 04836-000,
http://www.apontador.com.br/local/sp/sao_paulo/medicina_e_saude_geral_/C40591775E4D1Z4D1D/pronto_socorro_mun_balneario_sao_jose.html,Pronto Socorro Mun Balneario Sao Jose,,Rua Gaspar Leme ,s/n ,Balneário São Jose ,São Paulo ,SP,CEP: 04864-050,
http://www.apontador.com.br/local/sp/sao_paulo/eletroeletronicos/8V6M7JV6/nelson_cesario_jorge_jd_sao_jose.html,Nélson Cesário Jorge,11 3976-2216,Rua Adele Zarzur ,800,  Vila Miriam, São Paulo, SP,CEP: 02971-000,
http://www.apontador.com.br/local/sp/sao_paulo/tabacarias/2M962LZ5/churrasquinho_sao_jose_industria_e_comercio_vila_oratorio.html,Churrasquinho São José Indústria e Comércio,11 2965-2174,Rua Cipriana Martinez Zonta ,215,Vila Canero ,São Paulo ,SP,CEP: 03189-160,
http://www.apontador.com.br/local/sp/sao_paulo/escolas_particulares/C41475704D1E1C1E1F/sao_jose_operario_ii_centro_de_educacao_infantil.html,Sao Jose Operario Ii Centro de Educacao Infantil,11 5833-1435,Rua Pietro Solari ,8,Jardim Fraternidade ,São Paulo ,SP,CEP: 05870-170,
http://www.apontador.com.br/local/sp/sao_paulo/escolas_particulares/L2TY94PR/centro_de_educacao_integrada_indir_sao_jose_operario.html,Centro de Educação Integrada Indir Sao Jose Operario,,Rua Isidoro de Lara ,295,Conjunto Residencial Jose Bonifacio ,São Paulo ,SP,CEP: 08253-250,
http://www.apontador.com.br/local/sp/sao_paulo/escolas_particulares/C41698404D2A3Z2A3D/sao_jose_operario_ii_centro_de_educacao_infantil.html,Sao Jose Operario Ii Centro de Educacao Infantil,11 2079-0123,Rua Mariano Moro ,535,Vila Regina ,São Paulo ,SP,CEP: 08225-060,
http://www.apontador.com.br/local/sp/sao_paulo/construcao/ANMC19241/deposito_de_materiais_para_construcao_sao_jose_operario.html,Deposito de Materiais Para Construcao Sao Jose Operario,11 5872-5225,Rua Henrique Sam Mindlin ,95,  Jardim do Colégio, São Paulo, SP,CEP: 05882-000,
http://www.apontador.com.br/local/sp/sao_paulo/escolas/C403571930164S164A/sao_jose_desenvolvimento_imobiliario_xxiii_ltda.html,SAO JOSE DESENVOLVIMENTO IMOBILIARIO XXIII LTDA,11 3641-3344,AV QUEIROZ FL ,1560,  PQR DA LAPA, SAO PAULO, SP,CEP: 05319-000,
http://www.apontador.com.br/local/sp/sao_paulo/hospedagem_e_turismo/8H834Q8S/aluguel_de_onibus_e_vans_guibritur_jd_sao_jose.html,Aluguel de Ônibus e Vans Guibritur,11 5973-1529,Rua Jacques Stella ,34,  Jardim São José, São Paulo, SP,CEP: 04837-020,
http://www.apontador.com.br/local/sp/sao_paulo/correios/289EHGN3/agencia_dos_correios_ac_sao_jose_agencia_correio.html,Agência dos Correios,11 5929-5080 / (11 5973-5599 / (11 5929-5080,Avenida Carlos Oberhuber ,504,Jardim Floresta ,São Paulo ,SP,CEP: 04836-130,
http://www.apontador.com.br/local/sp/sao_paulo/festas_e_eventos/ASVX7MZ4/rms_sonorizacao_de_eventos_jd_sao_jose.html,Rms Sonorização de Eventos,11 2864-2265,Rua Adele Zarzur ,269,Jardim São José ,São Paulo ,SP,CEP: 02971-000,
http://www.apontador.com.br/local/sp/sao_paulo/industrias/K26688D7/higinox_ind_e_com_vila_sao_jose.html,Higinox Ind. e Com.,11 5928-0899,Avenida Senador Teotônio Vilela ,4187,  Jordanópolis, São Paulo, SP,CEP: 04833-001,
http://www.apontador.com.br/local/sp/sao_paulo/assistencia_medica/5Q63678E/assistencia_medica_sao_jose_s_c.html,Assistência Médica São José S/C,11 5666-0309,Avenida Do Jangadeiro ,118,Cidade Dutra ,São Paulo ,SP,CEP: 04815-010,
http://www.apontador.com.br/local/sp/sao_paulo/lanchonetes/45X9T24G/maria_aparecida_de_sa_jd_sao_jose.html,Maria Aparecida de Sa,11 3999-3246,Rua Arnaldo Alvernaz Nunes ,198,Jardim São José ,São Paulo ,SP,CEP: 02969-100,
http://www.apontador.com.br/local/sp/sao_paulo/lanchonetes/5X7KM859/edgar_shinichi_maeno_jd_sao_jose.html,Edgar Shinichi Maeno,11 3975-5758,Rua Doutor João Toniolo ,39,Jardim São José ,São Paulo ,SP,CEP: 02969-000,
http://www.apontador.com.br/local/sp/sao_paulo/festas_e_eventos/5YH3DN2F/eventos_e_sonorizacao_rms_jd_sao_jose.html,Eventos e Sonorização Rms,11 2864-2265,Rua Dezenove de Julho ,269,Jardim São José ,São Paulo ,SP,CEP: 02971-040,
http://www.apontador.com.br/local/sp/sao_paulo/escolas_particulares/2J62KM29/creche_p_conv_casinha_de_sao_jose.html,Creche P Conv Casinha de Sao Jose,11 5943-6799,Rua Antônio Machado Sant&#x27,Anna ,1621,Jardim Bonito ,São Paulo ,SP,CEP: 04829-080
http://www.apontador.com.br/local/sp/sao_paulo/clinicas_e_diagnosticos/5HV5UX48/centro_social_sao_jose_jardim_vista_alegre.html,Centro Social São José,11 5927-3079,Rua Gonçalo Soares da França ,20,  Jardim Floresta, São Paulo, SP,,
http://www.apontador.com.br/local/sp/sao_paulo/alimentos/7EU39E59/laureano_lopes_monteiro_vl_sao_jose.html,Laureano Lopes Monteiro,11 2966-0933,Rua Santa Elisa ,50,Vila São José ,São Paulo ,SP,CEP: 03159-150,
http://www.apontador.com.br/local/sp/sao_paulo/consultoria/846S8XXB/solucao_de_contabilidade_e_assessoria_vl_sao_jose.html,Solução de Contabilidade e Assessoria,11 5972-2669,Avenida Senador Teotônio Vilela ,4029,Jordanópolis ,São Paulo ,SP,,
http://www.apontador.com.br/local/sp/sao_paulo/hospitais_particulares/C40448693E441D441F/cetro_medico_sao_jose_av_interlagos.html,Cetro Medico São José Av Interlagos,11 5671-5116,Avenida Miguel Yunes ,85,Usina Piratininga ,São Paulo ,SP,CEP: 04444-000,
http://www.apontador.com.br/local/sp/sao_paulo/industria_e_comercio/G423UYUL/auto_mecanica_sao_jose_vl_palmeiras.html,Auto Mecânica São José,11 3977-9978,Rua Rio Verde ,1768,Vila Palmeiras ,São Paulo ,SP,,
http://www.apontador.com.br/local/sp/sao_paulo/livrarias/M3AJ38VL/arruda_bauerfeldt_comercial_vila_sao_jose.html,Arruda Bauerfeldt Comercial,11 2063-9753,Rua Mont&#x27,Alverne ,392,Vila São José ,São Paulo ,SP,CEP: 04265-060
http://www.apontador.com.br/local/sp/sao_paulo/papelarias/298HZCMK/joy_etiquetas_adesivas_vila_sao_jose.html,Joy Etiquetas Adesivas,11 2061-3368,Rua Mont&#x27,Alverne ,345,Vila São José ,São Paulo ,SP,CEP: 04265-060
http://www.apontador.com.br/local/sp/sao_paulo/construcao/BAK8SFD4/g_9_incorporadora_e_construtora_vila_sao_jose.html,G,11 2591-6197,Rua Oliveira Melo ,796,  Vila São José, São Paulo, SP,CEP: 04271-001,
http://www.apontador.com.br/local/sp/sao_paulo/mecanicas_e_oficinas/JF883YU6/auto_eletrico_lider_vila_sao_jose.html,Auto Eletrico Lider,11 2966-9365,Rua Taitendiba ,27,  Vila São José, São Paulo, SP,CEP: 03159-110,
http://www.apontador.com.br/local/sp/sao_paulo/ferragens/UX82J488/comercial_de_ferragens_danigus_vila_sao_jose.html,Comercial de Ferragens Danigus,11 5928-7800,Rua Rubem Souto de Araújo ,1110,Jardim Floresta ,São Paulo ,SP,CEP: 04836-235,
http://www.apontador.com.br/local/sp/sao_paulo/moveis/F2L7Q59C/decoracao_encanto_s_vl_sao_jose.html,Decoração Encanto S,11 5928-4244,Rua Viriato Leão de Moura ,169,Vila São José ,São Paulo ,SP,CEP: 04836-210,
http://www.apontador.com.br/local/sp/sao_paulo/materiais_de_construcao/92Y7379A/novo_lar_sao_jose_materiais_de_construcao.html,Novo Lar São José Materiais de Construção,11 5928-5598,Rua Rubem Souto de Araújo ,177,Jardim Angelina ,São Paulo ,SP,CEP: 04835-135,
http://www.apontador.com.br/local/sp/sao_paulo/moda_e_acessorios/94JXLGQ3/carlito_batista_silva_vila_sao_jose.html,Carlito Batista Silva,11 5063-0142,Rua Oliveira Melo ,1186,  Vila São José, São Paulo, SP,CEP: 04271-001,
http://www.apontador.com.br/local/sp/sao_paulo/servicos_em_informatica/629D8J24/seg_digi_eletronica_vl_sao_jose.html,Seg Digi Eletronica .,11 2272-3685,Rua Oliveira Melo ,774,Vila São José ,São Paulo ,SP,CEP: 04271-001,
http://www.apontador.com.br/local/sp/sao_paulo/estetica/J72X5228/prelude_modas_s_a_vl_sao_jose.html,Prelude Modas S/A,11 5561-9806,Rua Doutor Moacir ,292,Vila São José ,São Paulo ,SP,CEP: 03159-130,
http://www.apontador.com.br/local/sp/sao_paulo/maquinas_e_ferramentas/AF928T85/eletro_tecnica_ipiranga_vl_sao_jose.html,Eletro Técnica Ipiranga,11 2063-2763,Rua Da Imprensa ,318,Vila São José ,São Paulo ,SP,CEP: 04265-000,
http://www.apontador.com.br/local/sp/sao_paulo/construcao_geral_/U9JXLE48/rita_de_cassia_prata_vl_sao_jose.html,Rita de Cassia Prata,11 2063-2354,Rua Gomes Nogueira ,203,Vila São José ,São Paulo ,SP,CEP: 04265-010,
http://www.apontador.com.br/local/sp/sao_paulo/ferragens/WDCC629K/tachefer_comercio_de_ferragens_vila_sao_jose.html,Tachefer Comércio de Ferragens,11 2914-6385,Rua Oliveira Melo ,779,Vila São José ,São Paulo ,SP,CEP: 04271-001,
http://www.apontador.com.br/local/sp/sao_paulo/escritorio_de_engenharia/X3486ME2/exata_engenharia_e_consultoria_sc_vl_sao_jose.html,Exata Engenharia e Consultoria Sc,11 5083-6569,Rua Cruçaí ,274,Vila São José ,São Paulo ,SP,CEP: 04271-050,
http://www.apontador.com.br/local/sp/sao_paulo/festas_e_eventos/Y97SESJW/milton_decoracoes_e_eventos_vl_sao_jose.html,Milton Decoracoes e Eventos .,11 3051-3139,Rua Gomes Nogueira ,194,Vila São José ,São Paulo ,SP,CEP: 04265-010,
http://www.apontador.com.br/local/sp/sao_paulo/alimentos/Z3QQ84B9/joel_pereira_costa_vl_sao_jose.html,Joel Pereira Costa,11 4149-9752,Rua Oliveira Melo ,731,  Vila São José, São Paulo, SP,CEP: 04271-000,
http://www.apontador.com.br/local/sp/sao_paulo/dentistas/XDQ582A4/robinson_moreno_sapata_vila_sao_jose.html,Robinson Moreno Sapata,11 5924-3839,Rua Gonçalo Soares da França ,156,Jardim Floresta ,São Paulo ,SP,,
http://www.apontador.com.br/local/sp/sao_paulo/centros_culturais/2Q2EB8AC/centro_recreativo_larzinho_sao_jose_s_c.html,Centro Recreativo Larzinho São José S/C,11 3735-5455,Avenida Otacílio Tomanik ,262,Vila Polopoli ,São Paulo ,SP,CEP: 05363-000,
http://www.apontador.com.br/local/sp/sao_paulo/agencias/MCXF4479/vap_servicos_terceirizados_vl_sao_jose.html,Vap Servicos Terceirizados,11 5973-0837,Avenida Senador Teotônio Vilela ,5991,  Jardim Alpino, São Paulo, SP,,
http://www.apontador.com.br/local/sp/sao_paulo/enderecos_empresariais/D6738V83/vtv_digital_security_vila_sao_jose_ipiranga_.html,Vtv Digital Security,11 2063-6300,Rua Oliveira Melo ,788,  Vila São José, São Paulo, SP,CEP: 04271-001,
http://www.apontador.com.br/local/sp/sao_paulo/magazines/3S322V2C/amadeu_augusto_machado_jd_sao_jose.html,Amadeu Augusto Machado,11 2721-4680,Rua Francisco Queirós Matos ,204,Jardim São José ,São Paulo ,SP,,
http://www.apontador.com.br/local/sp/sao_paulo/revendedores_e_concessionarias/2U8DQ424/eletro_tecnica_lemos_jd_sao_jose.html,Eletro Técnica Lemos,11 3977-0859,Rua Adele Zarzur ,117,  Jardim São José, São Paulo, SP,CEP: 02971-000,
http://www.apontador.com.br/local/sp/sao_paulo/escritorio_de_engenharia/7375R74Z/francisco_antonio_dos_santos_jd_sao_jose.html,Francisco Antonio dos Santos,11 5871-9537,Rua Sebastião Francisco de Oliveira ,233,Jardim São José ,São Paulo ,SP,,
http://www.apontador.com.br/local/sp/sao_paulo/magazines/J729Z274/vilma_aparecida_nunes_maziero_jd_sao_jose.html,Vilma Aparecida Nunes Maziero,11 3976-6024,Rua Doutor João Toniolo ,95,Jardim São José ,São Paulo ,SP,CEP: 02969-000,
http://www.apontador.com.br/local/sp/sao_paulo/alimentos/K7EJT2R8/yukio_shimamoto_pasteleiro_jd_sao_jose.html,Yukio Shimamoto Pasteleiro,11 5928-9531,Rua Irupana ,3,  Jardim São José, São Paulo, SP,CEP: 04837-010,
http://www.apontador.com.br/local/sp/sao_paulo/construcao/7GEYKUAF/combrafer_artefatos_de_cimento_vl_sao_jose.html,Combrafer Artefatos de Cimento,11 5979-7764,Avenida Senador Teotônio Vilela ,4885,  Jardim São José, São Paulo, SP,,
http://www.apontador.com.br/local/sp/sao_paulo/eletroeletronicos/8S2S3M86/roberto_leite_da_silva_m_e_jd_sao_jose.html,Roberto Leite da Silva M e,11 3991-1326,Rua Arnaldo Alvernaz Nunes ,115,  Jardim São José, São Paulo, SP,CEP: 02969-100,
http://www.apontador.com.br/local/sp/sao_paulo/magazines/C3T4784M/avicola_e_rcearia_tia_adelia_jd_sao_jose.html,Avicola e Rcearia Tia Adelia,11 4444-3301,Rua Adele Zarzur ,333,Jardim São José ,São Paulo ,SP,CEP: 02971-000,
http://www.apontador.com.br/local/sp/sao_paulo/racoes/4VJY9C7J/casa_grande_racoes_vl_sao_jose.html,Casa Grande Rações,11 5979-9811,Avenida Senador Teotônio Vilela ,5006,Jardim São José ,São Paulo ,SP,,
http://www.apontador.com.br/local/sp/sao_paulo/associacoes_e_sindicatos/W2MY8EML/obra_social_sao_jose_de_vila_zelina.html,Obra Social Sao Jose de Vila Zelina,11 2341-8525,Rua Rio do Peixe ,4,  Vila Zelina, São Paulo, SP,CEP: 03145-050,
http://www.apontador.com.br/local/sp/sao_paulo/graficas_e_copias/V8JJLQDY/cyanprint_artes_graficas_jd_sao_jose.html,Cyanprint Artes Gráficas,11 3978-5183,Rua Doutor João Toniolo ,338,  Jardim São José, São Paulo, SP,CEP: 02969-000,
http://www.apontador.com.br/local/sp/sao_paulo/associacoes_e_sindicatos/8JZAG44A/associacao_biblica_e_cultural_itaberaba_jd_sao_jose.html,Associacao Biblica e Cultural Itaberaba,11 3977-7211,Rua Adele Zarzur ,263,Jardim São José ,São Paulo ,SP,CEP: 02971-000,
http://www.apontador.com.br/local/sp/sao_paulo/casa_e_decoracao/2XKX4RF7/maria_de_fatima_vasconcelos_confeccoes_jd_sao_jose.html,Maria de Fatima Vasconcelos Confeccoes,11 5873-8512,Rua Alfredo Ometecidio ,228,Jardim São José ,São Paulo ,SP,CEP: 05869-170,
http://www.apontador.com.br/local/sp/sao_paulo/construcao/SX5UW73N/nb_neimar_box_serralheria_vl_sao_jose.html,Nb Neimar Box Serralheria,11 5971-6255,Avenida Senador Teotônio Vilela ,5161,  Jardim São José, São Paulo, SP,,
http://www.apontador.com.br/local/sp/sao_paulo/revendedores_e_concessionarias/G65W27WQ/cristiano_luiz_barboza_canica_jd_sao_jose.html,Cristiano Luiz Barboza Canica,11 3998-7949,Rua Doutor João Toniolo ,268,Jardim São José ,São Paulo ,SP,CEP: 02969-000,
http://www.apontador.com.br/local/sp/sao_paulo/lanchonetes/3Z288UBL/oldair_antonio_goncalves_vl_sao_jose.html,Oldair Antonio Goncalves,11 2215-2489,Rua Oliveira Melo ,744,Vila São José ,São Paulo ,SP,CEP: 04271-001,
http://www.apontador.com.br/local/sp/sao_paulo/pecas_e_acessorios_para_veiculos/X2MJ5XM7/vag_comercio_de_auto_pecas_vila_sao_jose.html,Vag Comércio de Auto Peças,11 5929-0969,Rua Rubem Souto de Araújo ,1096,Jardim Floresta ,São Paulo ,SP,CEP: 04836-235,
http://www.apontador.com.br/local/sp/sao_paulo/templos/5NLC37ZW/igreja_evangelica_irmaos_menonitas_de_vila_sao_jose.html,Igreja Evangélica Irmãos Menonitas de Vila São José,11 5928-2127,Rua Acácio Fontoura ,841,Jardim Vista Alegre ,São Paulo ,SP,CEP: 04831-050,
http://www.apontador.com.br/local/sp/sao_paulo/pecas_e_acessorios_para_veiculos/XJH7X364/avv_comercio_de_auto_pecas_vila_sao_jose.html,Avv Comércio de Auto Peças,11 2068-5992,Rua Oliveira Melo ,606,  Vila São José, São Paulo, SP,CEP: 04271-000,
http://www.apontador.com.br/local/sp/sao_paulo/festas_e_eventos/2JCTG6H2/ducacau_comercio_de_doces_e_salgados_vila_sao_jose.html,Ducacau Comércio de Doces e Salgados,11 2215-9766,Rua Gomes Nogueira ,358,Vila São José ,São Paulo ,SP,CEP: 04265-010,
http://www.apontador.com.br/local/sp/sao_paulo/estetica/457DG927/dorico_comercio_e_decoracoes_vl_sao_jose.html,Dorico Comercio e Decoracoes,11 2963-8580,Rua Piranambu ,19,Vila São José ,São Paulo ,SP,CEP: 08140-380,
http://www.apontador.com.br/local/sp/sao_paulo/estetica/3XQA6J68/manoel_eugenio_goncalves_bazar_jd_sao_jose.html,Manoel Eugenio Goncalves Bazar,11 3975-0564,Rua Coronel Carlos Ambrogi ,433,Jardim São José ,São Paulo ,SP,CEP: 02969-130,
http://www.apontador.com.br/local/sp/sao_paulo/eletroeletronicos/9M92Q8NC/irmaos_ribeiro_comercio_de_pecas_jd_sao_jose.html,Irmãos Ribeiro Comércio de Peças,11 3976-3786,Rua Adele Zarzur ,311,  Jardim São José, São Paulo, SP,CEP: 02971-000,
http://www.apontador.com.br/local/sp/sao_paulo/estetica/8XXD5Z5A/marsan_labor_comercial_e_servicos_jd_sao_jose.html,Marsan Labor Comercial e Servicos,11 3975-6492,Rua Coronel Carlos Ambrogi ,21,Jardim São José ,São Paulo ,SP,CEP: 02969-130,
http://www.apontador.com.br/local/sp/sao_paulo/lanchonetes/JXD87N55/nova_nino_lanchonete_e_rcearia_jd_sao_jose.html,Nova Nino Lanchonete e Rcearia,11 3975-9126,Rua Doutor João Toniolo ,606,Jardim São José ,São Paulo ,SP,CEP: 02969-000,
http://www.apontador.com.br/local/sp/sao_paulo/transporte_geral_/R6Z2X9CX/jrn_transporte_de_documentos_e_encomendas_jd_sao_jose.html,Jrn,11 3978-4936,Rua Coronel Carlos Ambrogi ,270,Jardim São José ,São Paulo ,SP,CEP: 02969-130,
http://www.apontador.com.br/local/sp/sao_paulo/industrias/QB9J7F9Y/geomaq_industria_e_comercio_jd_sao_jose.html,Geomaq Indústria e Comércio,11 3975-4614,Rua Arnaldo Alvernaz Nunes ,80,  Jardim São José, São Paulo, SP,CEP: 02969-100,
http://www.apontador.com.br/local/sp/sao_paulo/transporte_geral_/P27WJJG2/antonio_divino_poloni_transportes_jd_sao_jose.html,Antonio Divino Poloni Transportes,11 3966-0982,Rua Doutor Jaime Brício Fo. ,174,Jardim São José ,São Paulo ,SP,CEP: 02969-030,
http://www.apontador.com.br/local/sp/sao_paulo/servicos_em_construcao/QPCZW8HV/proflex_divisorias_forros_e_pisos_jd_sao_jose.html,Proflex Divisórias Forros e Pisos,11 3999-1143,Rua Celso Guimarães ,55,Jardim São José ,São Paulo ,SP,CEP: 02969-060,
http://www.apontador.com.br/local/sp/sao_paulo/revendedores_e_concessionarias/8P99F9TJ/nil_li_centro_automotivo_vl_sao_jose.html,Nil&#x27, Li Centro Automotivo,11 5939-6938,Avenida Senador Teotônio Vilela ,4863,  Jardim São José, São Paulo, SP,
http://www.apontador.com.br/local/sp/sao_paulo/beleza_e_estetica/53FV785J/tchely_industria_e_comercio_de_confeccoes_jardim_sao_jose.html,Tchely Indústria e Comércio de Confecções,11 2722-5124,Rua Ana Santesso ,82,  Jardim São José, São Paulo, SP,CEP: 03931-030,
http://www.apontador.com.br/local/sp/sao_paulo/caixas_eletronicos/C4010153573E1T3E16/banco24horas_tecban_jd_sao_jose.html,Banco24horas,,Avenida Senador Teotônio Vilela ,8030,Jardim Guanabara ,São Paulo ,SP,CEP: 04864-002,
http://www.apontador.com.br/local/sp/sao_paulo/caixas_eletronicos/C405128357261O2616/banco24horas_tecban_jd_sao_jose.html,Banco24horas,,Avenida Rio das Pedras ,3947,  Jardim Egle, São Paulo, SP,CEP: 03930-310,
http://www.apontador.com.br/local/sp/sao_paulo/associacoes_e_sindicatos/43K7MV6F/associacao_casa_sao_jose_e_centro_comunitario_do_jardim_sao_luiz_jd.html,Associacao Casa Sao Jose e Centro Comunitario do Jardim Sao Luiz,11 5851-1292,Rua José Barros Magaldi ,100,Jardim São João ,São Paulo ,SP,CEP: 05815-000,
http://www.apontador.com.br/local/sp/sao_paulo/igrejas/KCZXYU5Z/mitra_diocesana_de_campo_limpo_paroquia_sao_jose_operario.html,Mitra Diocesana de Campo Limpo Paroquia Sao Jose Operario,11 5873-2009,Rua Alfredo Ometecidio ,32,Jardim São José ,São Paulo ,SP,CEP: 05869-170,
http://www.apontador.com.br/local/sp/sao_paulo/clinicas_e_diagnosticos/78UY53MC/sociedade_educacao_e_caridade_educandario_sao_jose_do_belem_belem.html,Sociedade Educação e Caridade Educandário São José do Belém,11 2292-0730,Rua Belém ,129,Belenzinho ,São Paulo ,SP,CEP: 03057-010,
http://www.apontador.com.br/local/sp/sao_paulo/construcao/Z2G4SYRR/verde_planejamento_de_vegetacao_para_interiores_balneario_sao_jose.html,Verde Planejamento de Vegetação Para Interiores,11 5092-3023,Rua Balneário São José ,615,  Balneário São Jose, São Paulo, SP,CEP: 04864-000,
http://www.apontador.com.br/local/sp/sao_paulo/ar_condicionado/3V86X7TW/reclin_master_refrigeracao_e_ar_condiconado_balneario_sao_jose.html,Reclin Master Refrigeração e Ar Condiconado,11 5979-6978,Acesso Sabiá Laranjeira ,803,Parelheiros ,São Paulo ,SP,,
http://www.apontador.com.br/local/sp/sao_paulo/educacao_infantil/ZXLMUW58/obras_comunitarias_promocao_humana_sao_jose_operario_jardim_lourdes.html,Obras Comunitárias Promoção Humana São José Operário,11 5021-5899,Rua Ômega ,36,Jardim Lourdes ,São Paulo ,SP,CEP: 04335-110,
http://www.apontador.com.br/local/sp/sao_paulo/igrejas/6K245636/paroquia_sao_jose_operario_conjunto_residencial_jose_boni.html,Paróquia São José Operário,11 2205-7385,Rua Daniel Mongolo ,99,Conjunto Residencial Jose Bonifacio ,São Paulo ,SP,CEP: 08250-580,
http://www.apontador.com.br/local/sp/sao_paulo/educacao_infantil/AFPCVC58/obras_comunitarias_de_promocao_humana_de_sao_jose_operario_americano.html,Obras Comunitárias de Promoção Humana de São José Operário,11 5621-2597,Rua Arqt Felipe Joaquim Jr ,20,Americanópolis ,São Paulo ,SP,,
http://www.apontador.com.br/local/sp/sao_paulo/industrias/D3C5N6EG/bem_estar_comercio_de_lubrificantes_e_oleo_vl_sao_jose.html,Bem Estar Comércio de Lubrificantes e Óleo,11 5928-6847,Avenida Senador Teotônio Vilela ,5653,  Vila Quintana, São Paulo, SP,,
http://www.apontador.com.br/local/sp/sao_paulo/consultoria/U2F8A6EC/boi_precoce_agro_pastoril_e_tecnica_vl_sao_jose.html,Boi Precoce Agro Pastoril e Tecnica,11 5572-2712,Rua Oliveira Melo ,474,  Vila Dom Pedro Primeiro, São Paulo, SP,CEP: 04271-000,
http://www.apontador.com.br/local/sp/sao_paulo/associacoes_e_sindicatos/J35AA8W3/apm_da_emef_gal_liberato_bittencourt_jd_sao_jose.html,Apm da Emef Gal Liberato Bittencourt,11 3975-5493,Rua Arnaldo Alvernaz Nunes ,320,  Jardim São José, São Paulo, SP,CEP: 02969-100,
http://www.apontador.com.br/local/sp/sao_paulo/pet_shops/A3VU58FP/vira_lata_veterinaria_pet_shop_vila_sao_jose.html,Vira Lata Veterinária Pet Shop,11 5979-6483,Avenida Senador Teotônio Vilela ,6036,Jardim Alpino ,São Paulo ,SP,CEP: 04833-000,
http://www.apontador.com.br/local/sp/sao_paulo/terceiro_setor/4X8GUYR7/lar_espirita_o_caminho_da_familia_unida_vl_sao_jose.html,Lar Espirita O Caminho da Familia Unida,11 2591-3601,Rua Oliveira Melo ,708,  Vila São José, São Paulo, SP,CEP: 04271-000,
http://www.apontador.com.br/local/sp/sao_paulo/graficas_e_copias/G4VU42JW/s_a_buz_industria_e_comercio_de_plasticos_me_vl_sao_jose.html,S.A Buz Industria e Comercio de Plasticos,11 5925-3098,Avenida Senador Teotônio Vilela ,4945,  Jardim São José, São Paulo, SP,,
http://www.apontador.com.br/local/sp/sao_paulo/magazines/UW84J3RU/cestas_cafe_manha_la_re_jd_sao_jose.html,Cestas Café Manha La Re,11 3975-0051,Praça Antero Ferreira de Brito ,289,Jardim São José ,São Paulo ,SP,CEP: 02969-080,
http://www.apontador.com.br/local/sp/sao_paulo/construcao_geral_/9E5PE98C/silvia_aparecida_de_souza_eugenio_me_jd_sao_jose.html,Silvia Aparecida de Souza Eugenio,11 5873-8401,Avenida Vsc. do Rio Grande ,243,Jardim Fraternidade ,São Paulo ,SP,CEP: 05870-200,
http://www.apontador.com.br/local/sp/sao_paulo/bancos/8WJQ8LJS/caixa_eletronico_banco_bradesco_agencia_vila_sao_jose_urb_sp.html,Caixa Eletrônico Banco Bradesco,,Rua José Bocchiglieri ,48,Jardim Floresta ,São Paulo ,SP,CEP: 04836-000,
http://www.apontador.com.br/local/sp/sao_paulo/alimentos/GGDG76EC/santa_clara_comercio_de_produtos_naturais_vl_sao_jose.html,Santa Clara Comercio de Produtos Naturais,11 5939-8855,Rua Nei José Borges ,37,  Vila São José, São Paulo, SP,CEP: 04836-140,
http://www.apontador.com.br/local/sp/sao_paulo/construcao_geral_/864D822W/jose_correia_de_jesus_hidraulica_me_vl_sao_jose.html,Jose Correia de Jesus Hidraulica,11 2561-4230,Rua Araçarana ,42,Vila São José ,São Paulo ,SP,CEP: 08140-400,
http://www.apontador.com.br/local/sp/sao_paulo/pecas_e_acessorios_para_veiculos/242NJK39/ja_comercio_de_pecas_novas_e_usadas_vl_sao_jose.html,Ja Comércio de Peças Novas e Usadas,11 5971-7227,Avenida Senador Teotônio Vilela ,6161,Jardim Alpino ,São Paulo ,SP,,
http://www.apontador.com.br/local/sp/sao_paulo/postos_de_combustivel/CMJ8723L/selcon_sistema_eletronico_de_controle_vila_sao_jose_ipiranga_.html,Selcon Sistema Eletrônico de Controle,11 5061-7426,Rua Debret ,47,  Vila São José, São Paulo, SP,CEP: 04274-010,
http://www.apontador.com.br/local/sp/sao_paulo/auto_escolas/X2XUB8GB/centro_de_formacao_de_condutores_lais_s_c_vila_sao_jose.html,Centro de Formação de Condutores Laís S/C,11 5925-0912,Rua Rubem Souto de Araújo ,1132,  Jardim Floresta, São Paulo, SP,CEP: 04836-235,
http://www.apontador.com.br/local/sp/sao_paulo/corretores_de_seguros/C408942A12015S015C/com_crista_paz_e_vida_min_zona_sul_vl_sao_jose.html,Com. Crista Paz e Vida,,Rua Gonçalo Soares da França ,209,Jardim Floresta ,São Paulo ,SP,CEP: 04836-030,
http://www.apontador.com.br/local/sp/sao_paulo/construcao_geral_/83Q6D8Y2/oquimar_marinho_materiais_para_construcao_vila_sao_jose.html,Oquimar Marinho Materiais Para Construção,11 5979-7800,Avenida Senador Teotônio Vilela ,4910,Jardim São José ,São Paulo ,SP,CEP: 04833-000,
http://www.apontador.com.br/local/sp/sao_paulo/moveis/2DPY873W/tato_tata_representacoes_s_c_jd_sao_jose.html,Tato &amp, Tata Representacoes S/C,11 3998-0188,Rua Adele Zarzur ,213,Jardim São José ,São Paulo ,SP,CEP: 02971-000
http://www.apontador.com.br/local/sp/sao_paulo/servicos_em_informatica/3PL2U4A2/eac_info_processamento_de_dados_me_jd_sao_jose.html,Eac,11 3975-2882,Praça Antero Ferreira de Brito ,105,Jardim São José ,São Paulo ,SP,CEP: 02969-080,
http://www.apontador.com.br/local/sp/sao_paulo/servicos_de_consultoria/8244J3FD/fernandes_moreira_empreiteira_de_obras_s_c_jardim_sao_jose.html,Fernandes Moreira Empreiteira de Obras S/C,11 3972-1087,Rua Bertópolis ,57,  Jardim São José, São Paulo, SP,CEP: 02971-010,
http://www.apontador.com.br/local/sp/sao_paulo/viagem_e_turismo/9224XRQ7/antonia_leusilene_rodrigues_soares_de_sousa_epp_vl_sao_jose.html,Antonia Leusilene Rodrigues Soares de Sousa,11 5939-3316,Avenida Senador Teotônio Vilela ,4751,Jardim São José ,São Paulo ,SP,,
http://www.apontador.com.br/local/sp/sao_paulo/desentupidoras/C403195925324Z3249/desentupidora_sao_jorge_no_jose_bonifacio_11_2832_2702.html,Desentupidora São Jorge No José Bonifácio 11 2832.2702,11 2832-2702,Rua Rio Canabrava ,0,Itaquera ,São Paulo ,SP,CEP: 08215-550,
http://www.apontador.com.br/local/sp/sao_paulo/religiao/9TGH4Q2Z/bispado_de_rio_preto.html,Bispado de Rio Preto,55 1726-04228,Paraná ,  s/n,  Parque Ipê, São Paulo, SP,CEP: 05574-001,
http://www.apontador.com.br/local/sp/sao_paulo/ar_condicionado/N9S8UP3J/j_d_p_montagem_e_mao_de_obra_de_torre_de_resfriamento_jd_sao_jose.html,J.D.P. Montagem e Mao de Obra de Torre de Resfriamento,11 5834-0921,Avenida Vsc. do Rio Grande ,421,  Jardim Fraternidade, São Paulo, SP,CEP: 05870-200,
http://www.apontador.com.br/local/sp/sao_paulo/enderecos_empresariais/C40616994A143N1434/village_damha_rio_preto_ii.html,Village Damha Rio Preto Ii,,Praça D. José Gaspar ,134,República ,São Paulo ,SP,CEP: 01047-010,
http://www.apontador.com.br/local/sp/sao_paulo/estetica/C403416404385N385D/rodrigo_uchoa_beauty_esthetic_institute.html,Rodrigo Uchoa Beauty &amp, Esthetic Institute,11 3858-0210,Avenida Deputado Emílio Carlos ,1788,Vila Santa Maria ,São Paulo ,SP,CEP: 02720-200
http://www.apontador.com.br/local/sp/sao_paulo/aquarios/8YAW8TXY/aquario_de_sao_paulo.html,Aquario de São Paulo,11 2273-5500,Rua Huet Bacelar ,407,  Vila Dom Pedro Primeiro, São Paulo, SP,CEP: 04275-000,
http://www.apontador.com.br/local/sp/sao_paulo/enderecos_empresariais/C414032003515U5151/cdc_jose_pires_do_rio.html,Cdc José Pires do Rio,,Rua Magnólia Delfim da Silva ,67,Jardim Odete ,São Paulo ,SP,CEP: 05363-040,
http://www.apontador.com.br/local/sp/sao_paulo/escolas/2894L293/professor_jose_baptista_rios_castelloes.html,Professor José Baptista Rios Castellões,11 5562-8520,Rua Itatá ,195,Cidade Ademar ,São Paulo ,SP,CEP: 04404-080,
http://www.apontador.com.br/local/sp/sao_paulo/escolas/XD27D382/jose_porphyrio_da_paz.html,José Porphyrio da Paz,11 5833-4313,Rua José Alves da Silva ,870,Parque Novo Santo Amaro ,São Paulo ,SP,CEP: 05874-000,
http://www.apontador.com.br/local/sp/sao_paulo/revendedores_e_concessionarias/7KH942UJ/jose_renildo_santos_rio_pequeno.html,Jose Renildo Santos,11 3768-9480,Rua Ana Maria Lélis da Silva,Profa ,255,  Rio Pequeno, São Paulo, SP,
http://www.apontador.com.br/local/sp/sao_paulo/construcao_geral_/8BK6JS5N/helio_jose_jardim_rio_pequeno.html,Hélio José Jardim,11 3719-0585,Avenida Escola Politécnica ,4080,Rio Pequeno ,São Paulo ,SP,CEP: 05350-000,
http://www.apontador.com.br/local/sp/sao_paulo/escolas/X2Z88D28/emef_engenheiro_jose_amadei.html,Emef Engenheiro José Amadei,11 5667-4466,Rua Raimundo Lopes ,115,  Jardim Satélite, São Paulo, SP,CEP: 04816-090,
http://www.apontador.com.br/local/sp/sao_paulo/estetica/754CE8N9/jose_luciano_rios_bastos_confeccoes_jd_elizabeth.html,Jose Luciano Rios Bastos Confeccoes,11 5841-3891,Rua Antônio Alves Jr. ,30,Jardim Elizabeth ,São Paulo ,SP,CEP: 05793-220,
http://www.apontador.com.br/local/sp/sao_paulo/portas_e_janelas/4V3A958S/rio_bonito_telhados_e_coberturas_sao_paulo.html,Rio Bonito,11 5527-4386 / (11 9626-5321,Rua Rio São Nicolau ,185,Jardim São Judas Tadeu ,São Paulo ,SP,CEP: 04858-630,
http://www.apontador.com.br/local/sp/sao_paulo/bibliotecas/X6J672EN/centro_cultural_sao_paulo.html,Centro Cultural São Paulo,11 3397-4002,Rua Vergueiro ,s/n ,Vila São José ,São Paulo ,SP,CEP: 01504-000,
http://www.apontador.com.br/local/sp/sao_paulo/moveis/4J78QJ99/cond_edif_rio_sao_francisco_ii_cj_jose_bonifacio.html,Cond. Edif. Rio Sao Francisco Ii,11 2522-2082,Avenida Nagib Farah Maluf ,726,Conjunto Residencial Jose Bonifacio ,São Paulo ,SP,CEP: 08253-005,
http://www.apontador.com.br/local/sp/sao_paulo/escolas/42DMY2S8/professor_jose_righetto_sobrinho.html,Professor José Righetto Sobrinho,11 2035-2864,Rua Criúva ,380,Vila Progresso ,São Paulo ,SP,CEP: 08245-300,
http://www.apontador.com.br/local/sp/sao_paulo/enderecos_empresariais/C4039129253C4S3C43/jose_macario.html,JOSE MACARIO,11 2331-4344,Rua Afonso Rodrigues Adorno ,229,  Vila Caraguatá, São Paulo, SP,CEP: 04191-210,
http://www.apontador.com.br/local/sp/sao_paulo/consultorio_medico/C413218043341E3416/jose_vieira_pereira.html,Jose Vieira Pereira,11 2518-8435,Rua Santana do Rio Preto ,161,Vila Cosmopolita ,São Paulo ,SP,CEP: 08421-060,
http://www.apontador.com.br/local/sp/sao_paulo/servicos_gerais/C4050004162B5C2B52/jose_cesario.html,José Cesario,11 3991-7626,Rua Águas da Prata ,256,  Vila Palmeiras, São Paulo, SP,CEP: 02933-160,
http://www.apontador.com.br/local/sp/sao_paulo/restaurantes/55Z83Y35/jose_trigueiro_dos_santos_vl_rio_branco.html,José Trigueiro dos Santos,11 2041-1911,Rua Utrecht ,411,Vila Síria ,São Paulo ,SP,CEP: 03878-000,
http://www.apontador.com.br/local/sp/sao_paulo/escolas/YW2QZ8WK/jose_raul_poletto.html,José Raul Poletto,11 5833-4312,Rua Professor Barroso do Amaral ,665,Vila Santa Lucia ,São Paulo ,SP,CEP: 04937-010,
http://www.apontador.com.br/local/sp/sao_paulo/restaurantes/AXB8ZNC7/maria_jose_ferreira_da_silva_lanchonete_rio_pequeno.html,Maria Jose Ferreira da Silva Lanchonete,11 3733-3442,Avenida Do Rio Pequeno ,321,  Rio Pequeno, São Paulo, SP,CEP: 05379-000,
http://www.apontador.com.br/local/sp/sao_paulo/bazares/STXPNJCG/jose_freixa_alvarez_bazar_rio_bonito.html,José Freixa Alvarez Bazar,11 5924-4455,Rua Frederico René de Jaegher ,1077,Jardim Boa Vista ,São Paulo ,SP,CEP: 04826-010,
http://www.apontador.com.br/local/sp/sao_paulo/churrascarias/9J2T465U/tendall_grill.html,Tendall Grill,11 2721-5248,Avenida Aricanduva ,7997,Jardim Santa Teresinha ,São Paulo ,SP,CEP: 03527-000,
http://www.apontador.com.br/local/sp/sao_paulo/estetica/23CE624U/jose_alves_do_nascimento_decoracoes_rio_pequeno.html,Jose Alves do Nascimento Decoracoes,11 3763-7972,Avenida Do Rio Pequeno ,682,Rio Pequeno ,São Paulo ,SP,CEP: 05379-000,
http://www.apontador.com.br/local/sp/sao_paulo/transporte_geral_/744XQXDQ/jose_rogerio_ferrari_transportes_rio_pequeno.html,Jose Rogerio Ferrari Transportes,11 4616-8563,Rua Maria Cristina Aguiar ,130,Rio Pequeno ,São Paulo ,SP,CEP: 05379-040,
http://www.apontador.com.br/local/sp/sao_paulo/moveis/8Q5CQM58/condominio_rio_solimoes_ii_cj_jose_bonifacio.html,Condominio Rio Solimoes Ii,11 2522-2158,Rua Dominique Serres ,145,Conjunto Residencial Jose Bonifacio ,São Paulo ,SP,CEP: 08255-720,
http://www.apontador.com.br/local/sp/sao_paulo/moveis/JP2332F8/condominio_rio_iguacu_i_cj_jose_bonifacio.html,Condominio Rio Iguacu I,11 2521-9669,Avenida Professor João Batista Conti ,276,Conjunto Residencial Jose Bonifacio ,São Paulo ,SP,CEP: 08255-210,
http://www.apontador.com.br/local/sp/sao_paulo/moveis/DM4N7S5S/condominio_rio_lageado_iii_cj_jose_bonifacio.html,Condominio Rio Lageado Iii,11 2521-2815,Avenida Professor João Batista Conti ,1195,Conjunto Residencial Jose Bonifacio ,São Paulo ,SP,CEP: 08255-210,
http://www.apontador.com.br/local/sp/sao_paulo/casa_e_decoracao/7227CJQ2/condominio_rio_lageado_i_cj_jose_bonifacio.html,Condominio Rio Lageado I,11 2521-3789,Avenida Professor João Batista Conti ,474,Conjunto Residencial Jose Bonifacio ,São Paulo ,SP,CEP: 08255-210,
http://www.apontador.com.br/local/sp/sao_paulo/enderecos_empresariais/C40104293B0C3U0C3F/jose_nochieri.html,JOSE NOCHIERI,11 2239-4993,Avenida Inajar de Souza ,3096,  Jardim Primavera, São Paulo, SP,CEP: 02716-000,
http://www.apontador.com.br/local/sp/sao_paulo/escolas/JJ3L8G38/professor_jose_duarte_junior.html,Professor José Duarte Júnior,11 5928-0262,Rua Domingos Faustino Sarmiento ,422,Jardim Alpino ,São Paulo ,SP,CEP: 04836-360,
http://www.apontador.com.br/local/sp/sao_paulo/balada/2M2597G6/jose_de_noronha.html,Jose de Noronha,11 3735-2649,Rua Guido Oreggia ,20,Jardim Nelly ,São Paulo ,SP,CEP: 05371-150,
http://www.apontador.com.br/local/sp/sao_paulo/balada/QJBZJ5X5/jose_miranda.html,Jose Miranda,11 3735-6403,Avenida Otacílio Tomanik ,937,Vila Nova Alba ,São Paulo ,SP,CEP: 05363-101,
http://www.apontador.com.br/local/sp/sao_paulo/mecanicas_e_oficinas/C401421942321Z3212/mecanica_jose.html,Mecanica Jose,,Avenida Benedito de Lima ,20,  Vila Antônio, São Paulo, SP,CEP: 05376-020,
http://www.apontador.com.br/local/sp/sao_paulo/enderecos_empresariais/C41149003E463O463C/jose_oliveira.html,Jose Oliveira,11 3735-1134,Rua Doutor João Vieira Neves ,185,  Jardim Esmeralda, São Paulo, SP,CEP: 05366-150,
http://www.apontador.com.br/local/sp/sao_paulo/medicina_e_saude_geral_/45725M3M/mario_jose_barna_prq_sao_domingos.html,Mário José Barna,11 3901-6149,Rua Henrique Fontenelle,Brig ,769,São Domingos ,São Paulo ,SP,
http://www.apontador.com.br/local/sp/sao_paulo/escolas/45534SP4/professor_alberto_salotti.html,Professor Alberto Salotti,11 5928-0685,Avenida Carlos Oberhuber ,90,Jardim Floresta ,São Paulo ,SP,CEP: 04836-130,
http://www.apontador.com.br/local/sp/sao_paulo/auto_escolas/RSD4JTCS/auto_escola_precioso_s_c_cidade_dutra.html,Auto Escola Precioso S/C,11 5666-7878,Avenida Senador Teotônio Vilela ,602,Cidade Dutra ,São Paulo ,SP,CEP: 04801-000,
http://www.apontador.com.br/local/sp/sao_paulo/faculdades_e_universidades/XGE23763/sesc_interlagos.html,Sesc Interlagos,11 5662-9500 / (11 5662-9503,Avenida Manuel Alves Soares ,1100,Jardim Guanhembu ,São Paulo ,SP,CEP: 04821-270,
http://www.apontador.com.br/local/sp/sao_paulo/industrias/R8JB2992/jose_carlos_vieira_borrachas_prq_sao_lourenco.html,Jose Carlos Vieira,11 2011-8464,Rua Forte do Rio Branco ,91,  Cidade Satélite Santa Barbara, São Paulo, SP,CEP: 08340-140,
http://www.apontador.com.br/local/sp/sao_paulo/enderecos_empresariais/C40349890E425S425D/balneario_maria_jose.html,Balneario Maria Jose,,Rua Henrique Sertório ,287,  Tatuapé, São Paulo, SP,CEP: 03066-065,
http://www.apontador.com.br/local/sp/sao_paulo/imoveis_residenciais/226XF3M9/condominio_edificio_rio_jaguaribe_iii_cj_jose_bonifacio.html,Condominio Edificio Rio Jaguaribe Iii,11 2521-4661,Rua Caetano Bonatti ,158,Conjunto Residencial Jose Bonifacio ,São Paulo ,SP,CEP: 08255-240,
http://www.apontador.com.br/local/sp/sao_paulo/revendedores_e_concessionarias/8WH8C588/ronaldo_jose_siqueira_jd_sao_sebastiao.html,Ronaldo Jose Siqueira,11 2053-6876,Avenida Pires do Rio ,1947,  Vila Chavantes, São Paulo, SP,CEP: 08041-000,
http://www.apontador.com.br/local/sp/sao_paulo/alarme_e_monitoramento/RC4A7KXJ/jose_antonio_dos_santos_jd_sao_manoel.html,José Antonio dos Santos,11 5834-4451,Rua Praia da Fonte ,103,  Jardim São Manoel, São Paulo, SP,CEP: 05871-360,
http://www.apontador.com.br/local/sp/sao_paulo/causas_fiscais_e_tributarias/C4112560354A1E4A1A/jose_mario_zei.html,Jose Mario Zei,11 3151-2183,Rua Sete de Abril ,127,Vila Missionária ,São Paulo ,SP,CEP: 04467-285,
http://www.apontador.com.br/local/sp/sao_paulo/medicos_e_consultorios/J2TEGYP9/jose_angelo_bezerra_de_sousa_jd_sao_nicolau.html,Jose Angelo Bezerra de Sousa,11 5972-7262,Rua Georges Lipman Ebel ,2,  Chácara Meyer, São Paulo, SP,CEP: 04802-100,
http://www.apontador.com.br/local/sp/sao_paulo/transporte_geral_/B5LQ9C4A/esmeraldo_jose_dos_santos_transportes_jd_sao_francisco.html,Esmeraldo Jose dos  Santos Transportes,11 4598-2092,Bandeira ,3,Jardim São Francisco ,São Paulo ,SP,CEP: 03718-000,
http://www.apontador.com.br/local/sp/sao_paulo/enderecos_empresariais/C401432225491D491F/jose_martins_siderio.html,José Martins Sidério,11 2012-5736,Avenida Mateo Bei ,1250,Cidade São Mateus ,São Paulo ,SP,CEP: 03949-100,
http://www.apontador.com.br/local/sp/sao_paulo/enderecos_empresariais/C40390092A4D6T4D64/maria_jose_tenorio_dano.html,MARIA JOSE TENORIO DANO,11 2557-9351,Rua Otelo Augusto Ribeiro ,305,  Vila Cruzeiro, São Paulo, SP,CEP: 08412-000,
http://www.apontador.com.br/local/sp/sao_paulo/enderecos_empresariais/C414434041073T073E/mario_jose_cavalcanti_de_arruda.html,Mario Jose Cavalcanti de Arruda,11 5854-0020,Avenida Maria Coelho Aguiar ,573,  Jardim São Luís, São Paulo, SP,CEP: 05805-000,
http://www.apontador.com.br/local/sp/sao_paulo/medicos_e_consultorios/C40525874B0C0C0C06/flavio_jose_onofrio.html,Flavio Jose Onofrio,,Alameda Dos Guatás ,583,  Vila da Saúde, São Paulo, SP,CEP: 04053-041,
http://www.apontador.com.br/local/sp/sao_paulo/enderecos_empresariais/C41323303339O39/rogerio_jose_da_silva.html,Rogerio Jose da Silva,11 2544-1479,Avenida Santo Antônio do Riacho ,4,Vila Síria ,São Paulo ,SP,CEP: 03757-020,
http://www.apontador.com.br/local/sp/sao_paulo/churrascarias/C408494361045E045F/bufalo_grill.html,Bufalo Grill,11 5521-8556,Avenida Vereador José Diniz ,1600,Jardim Petrópolis ,São Paulo ,SP,CEP: 04604-002,
http://www.apontador.com.br/local/sp/sao_paulo/enderecos_empresariais/C402747948231E2316/jose_edjair_silverio_da_silva.html,Jose Edjair Silverio da Silva,,Avenida Rio das Pedras ,3631,  Cidade Centenário, São Paulo, SP,CEP: 03930-310,
http://www.apontador.com.br/local/sp/sao_paulo/medicina_e_saude_geral_/XXUWR45P/clerio_jose_do_prado_santana.html,Clerio José do Prado,11 2977-1426,Rua José Margarido ,57,Santana ,São Paulo ,SP,CEP: 02021-020,
http://www.apontador.com.br/local/sp/sao_paulo/enderecos_empresariais/C4087142240D3U0D3E/jose_rogerio_pedrine.html,José Rogério Pedrine,11 2249-6099,Rua Doutor Carlos Bastos Aranha ,193,  Vila Nilo, São Paulo, SP,CEP: 02278-010,
http://www.apontador.com.br/local/sp/sao_paulo/mercearias/C4075752172D1O2D15/maria_jose_dos_santos_emporio.html,Maria Jose dos Santos Emporio,11 5891-9823,Rua Júlia Ferreira da Silva ,1a ,Jardim Santa Margarida ,São Paulo ,SP,CEP: 04930-210,
http://www.apontador.com.br/local/sp/sao_paulo/shoppings/C407997905626E6264/jose_januario_barros_drog.html,Jose Januario Barros Drog,,Rua Prfa. Marta Maria Bernardes ,226,Jardim Santa Fé ,São Paulo ,SP,,
http://www.apontador.com.br/local/sp/sao_paulo/beleza_e_estetica/ESBH6RMG/jose_mario_de_olivei.html,Jose Mario de Olivei,11 3484-8791,Rua Cândido das Neves ,306,  Jardim Casablanca, São Paulo, SP,CEP: 05842-030,
http://www.apontador.com.br/local/sp/sao_paulo/enderecos_empresariais/C4187650580B4N0B46/jose_mario_ferreira_de_sousa.html,Jose Mario Ferreira de Sousa,11 5511-4420,Estrada Do Campo Limpo ,1110,Jardim Piracuama ,São Paulo ,SP,CEP: 05777-000,
http://www.apontador.com.br/local/sp/sao_paulo/medicina_e_saude_geral_/T625Z2RY/jose_rogerio_pedrine_jacana.html,José Rogério Pedrine,11 2249-6099,Avenida Jaçanã ,643,Jaçanã ,São Paulo ,SP,CEP: 02273-001,
http://www.apontador.com.br/local/sp/sao_paulo/enderecos_empresariais/C405632944044E0442/rogerio_jose_de_lima_26932486806.html,ROGERIO JOSE DE LIMA 26932486806,11 2878-3002,Rua Cachoeira do Arrependido ,53,  Conjunto Promorar Raposo Tavares, São Paulo, SP,CEP: 05574-440,
http://www.apontador.com.br/local/sp/sao_paulo/enderecos_empresariais/C4061819254A0O4A09/jose_ribeiro_honorio.html,JOSE RIBEIRO HONORIO,11 5614-2250,ETRALVARENGA ,468,  JD DA PEDREIRA, SAO PAULO, SP,CEP: 04462-000,
http://www.apontador.com.br/local/sp/sao_paulo/enderecos_empresariais/C4189610341F6S1F64/jose_mario_ferreira_de_sousa.html,Jose Mario Ferreira de Sousa,11 5511-4420,ETRCAMPO LIMPO ,1110,  Campo Limpo, SAO PAULO, SP,CEP: 05777-000,
http://www.apontador.com.br/local/sp/sao_paulo/escolas/TU6X5534/professor_flavio_jose_osorio_negrini.html,Professor Flávio José Osório Negrini,11 5511-0283,Rua Casimiro ,66,Jardim Olinda ,São Paulo ,SP,CEP: 05766-300,
